<?xml version="1.0" encoding="UTF-8"?>

<mule xmlns:ftp="http://www.mulesoft.org/schema/mule/ee/ftp" xmlns:file="http://www.mulesoft.org/schema/mule/file"
	xmlns:context="http://www.springframework.org/schema/context" xmlns:metadata="http://www.mulesoft.org/schema/mule/metadata" xmlns:smtp="http://www.mulesoft.org/schema/mule/smtp" xmlns:imap="http://www.mulesoft.org/schema/mule/imap" xmlns:tracking="http://www.mulesoft.org/schema/mule/ee/tracking" xmlns:sftp="http://www.mulesoft.org/schema/mule/sftp" xmlns="http://www.mulesoft.org/schema/mule/core" xmlns:doc="http://www.mulesoft.org/schema/mule/documentation"
	xmlns:spring="http://www.springframework.org/schema/beans" 
	xmlns:xsi="http://www.w3.org/2001/XMLSchema-instance"
	xsi:schemaLocation="http://www.mulesoft.org/schema/mule/file http://www.mulesoft.org/schema/mule/file/current/mule-file.xsd
http://www.springframework.org/schema/beans http://www.springframework.org/schema/beans/spring-beans-current.xsd
http://www.mulesoft.org/schema/mule/core http://www.mulesoft.org/schema/mule/core/current/mule.xsd
http://www.mulesoft.org/schema/mule/ee/ftp http://www.mulesoft.org/schema/mule/ee/ftp/current/mule-ftp-ee.xsd
http://www.mulesoft.org/schema/mule/sftp http://www.mulesoft.org/schema/mule/sftp/current/mule-sftp.xsd
http://www.mulesoft.org/schema/mule/ee/tracking http://www.mulesoft.org/schema/mule/ee/tracking/current/mule-tracking-ee.xsd
http://www.mulesoft.org/schema/mule/imap http://www.mulesoft.org/schema/mule/imap/current/mule-imap.xsd
http://www.mulesoft.org/schema/mule/smtp http://www.mulesoft.org/schema/mule/smtp/current/mule-smtp.xsd
http://www.springframework.org/schema/context http://www.springframework.org/schema/context/spring-context-current.xsd">
    <sftp:connector name="SFTP" outputPattern="#[message.inboundProperties.originalFilename]" validateConnections="true" doc:name="SFTP" keepFileOnError="true"></sftp:connector>
    <context:property-placeholder location="us-mxp-${env}.properties"></context:property-placeholder>
    <flow name="Get-US-Accounting-File" initialState="started"> 
        <sftp:inbound-endpoint connector-ref="SFTP" host="${sftp.host}" port="${sftp.port}" path="${sftp.us.path.out}" user="${sftp.us.user}" password="${sftp.us.password}" tracking:enable-default-events="true" responseTimeout="10000" pollingFrequency="${sftp.pollfreq}" doc:name="Get_US_Accounting_File" sizeCheckWaitTime="1000"> 
            <reconnect-forever blocking="false" frequency="10000"></reconnect-forever>  
        </sftp:inbound-endpoint>  
        <logger message="Picking up US accounting file: #[message.inboundProperties['originalFilename']] From ${sftp.us.path.out}" level="INFO" metadata:id="ebbde5bb-941a-481f-a786-a2b3a0bfcad0" doc:name="Logger_AC1"></logger>  
        <ftp:outbound-endpoint host="${ftpmfrm.host}" port="${ftpmfrm.port}" path="${ftpmfrm.path.in}" user="${ftpmfrm.user}" password="${ftpmfrm.password}" outputPattern="#[message.inboundProperties.originalFilename]" responseTimeout="10000" doc:name="Send_To_MainFrame" passive="false" binary="false"></ftp:outbound-endpoint>  
        <logger message="Saving accounting file: #[message.inboundProperties['originalFilename']] in ${ftpmfrm.path.in}" level="INFO" doc:name="Logger_AC2"></logger>  
        <exception-strategy ref="Catch_Exception_Strategy" doc:name="Reference Exception Strategy"></exception-strategy>  
    </flow>
    <catch-exception-strategy name="Catch_Exception_Strategy"> 
        <flow-ref name="EmailException" doc:name="EmailException"></flow-ref>  
        <logger message="Error transferring file." level="ERROR" doc:name="Log error"></logger>  
    </catch-exception-strategy>
    <flow name="Send_US_Master_Data" initialState="started"> 
        <ftp:inbound-endpoint host="${ftpsap.us.host}" port="${ftpsap.us.port}" path="${ftpsap.us.path.out}" user="${ftpsap.us.user}" password="${ftpsap.us.password}" binary="false" pollingFrequency="${ftpsap.us.pollfreq}" responseTimeout="10000" doc:name="Master_Data_US"> 
            <reconnect-forever blocking="false"></reconnect-forever>  
        </ftp:inbound-endpoint>  
        <logger message="Sending master data file: #[message.inboundProperties['originalFilename']] from ${ftpsap.us.path.out}..." level="INFO" metadata:id="ebbde5bb-941a-481f-a786-a2b3a0bfcad0" doc:name="Logger_MD"></logger>  
        <sftp:outbound-endpoint exchange-pattern="one-way" connector-ref="SFTP" outputPattern="#[message.inboundProperties.originalFilename]" host="${sftp.host}" port="${sftp.port}" path="${sftp.us.path.in}" user="${sftp.us.user}" password="${sftp.us.password}" tracking:enable-default-events="true" responseTimeout="10000" doc:name="Receive_US_Master_Data" duplicateHandling="overwrite"></sftp:outbound-endpoint>  
        <logger message="Saving master data file: #[message.inboundProperties['originalFilename']] in ${sftp.us.path.in}" level="INFO" doc:name="Logger_MD2"></logger>  
        <exception-strategy ref="Catch_Exception_Strategy" doc:name="Reference Exception Strategy"></exception-strategy>  
    </flow>
</mule>
