<?xml version="1.0" encoding="UTF-8"?>

<mule xmlns="http://www.mulesoft.org/schema/mule/core" xmlns:objectstore="http://www.mulesoft.org/schema/mule/objectstore" xmlns:smtp="http://www.mulesoft.org/schema/mule/smtp" xmlns:doc="http://www.mulesoft.org/schema/mule/documentation" xmlns:spring="http://www.springframework.org/schema/beans" xmlns:core="http://www.mulesoft.org/schema/mule/core"  xmlns:xsi="http://www.w3.org/2001/XMLSchema-instance" xsi:schemaLocation="http://www.mulesoft.org/schema/mule/objectstore http://www.mulesoft.org/schema/mule/objectstore/current/mule-objectstore.xsd
http://www.mulesoft.org/schema/mule/smtp http://www.mulesoft.org/schema/mule/smtp/current/mule-smtp.xsd
http://www.springframework.org/schema/beans http://www.springframework.org/schema/beans/spring-beans-current.xsd
http://www.mulesoft.org/schema/mule/core http://www.mulesoft.org/schema/mule/core/current/mule.xsd">
    <smtp:connector name="SMTP" contentType="text/html" validateConnections="true" doc:name="SMTP">
        <reconnect-forever/>
    </smtp:connector>
    <sub-flow name="EmailException">
        <set-payload value="Exception thrown: #[exception.getCause().toString()]. Original payload: #[payload]" doc:name="Set Payload"/>
        <set-session-variable variableName="emailSubject" value="${email.subject.exception} #[sessionVars.appName]" doc:name="set sessionVars.emailSubject"/>
        <logger level="ERROR" doc:name="Exception" doc:description="The first step is to log the exception."/>
        <flow-ref name="emailsSub_Flow" doc:name="emailsSub_Flow"/>
    </sub-flow>
    <sub-flow name="emailValidation">
        <set-session-variable variableName="emailSubject" value="${email.subject.warning} #[sessionVars.appName] - ${app.client}" doc:name="set sessionVars.emailSubject"/>
        <logger level="ERROR" doc:name="Log Exception" doc:description="The first step is to log the exception."/>
        <flow-ref name="emailsSub_Flow" doc:name="emailsSub_Flow"/>
    </sub-flow>
    <sub-flow name="emailsSub_Flow" doc:description="The exception is logged first. We set the content type to text/html for the email and the payload is set with the information about the order error.">
        <set-payload value="#[payload]" doc:name="Set Payload"/>
        <set-property propertyName="Content-Type" value="text/html" doc:name="Set Content-Type"/>
        <set-property propertyName="subject" value="#[sessionVars.emailSubject]" doc:name="subject"/>
        <logger message="#[message.outboundProperties.subject]" level="INFO" doc:name="Logger"/>
        <smtp:outbound-endpoint host="${email.smtpserver}" port="${email.smtpport}" connector-ref="SMTP" to="${email.to}" from="${email.from}" replyTo="${email.from}" responseTimeout="10000" mimeType="text/html" doc:name="SMTP" doc:description="We send an email using the parameters that are configured in the properties. The properties in Cloudhub replaces te properties in the zip file."/>
    </sub-flow>
</mule>
